id,name,role,phone,available_start,available_end
1,Emily Davis,waiter,+919876543213,2026-01-01 14:01:00,2026-01-01 16:55:00
2,Mike Johnson,waiter,+919876543212,2026-01-01 09:20:00,2026-01-01 11:46:00
3,Alex Chen,waiter,+919876543214,2026-01-01 09:15:00,2026-01-01 17:00:00
4,John Doe,waiter,+919876543210,2026-01-01 13:37:00,2026-01-01 16:37:00
5,Jane Smith,chef,+919123456789,2026-01-01 11:05:00,2026-01-01 15:28:00
6,Anna Petrov,chef,+919123456793,2026-01-01 11:07:00,2026-01-01 15:20:00
7,Robert Taylor,cleaner,+919555666777,2026-01-01 11:07:00,2026-01-01 15:22:00
8,Sophie Martin,cleaner,+919555666780,2026-01-01 10:13:00,2026-01-01 16:02:00
9,Mike Johnson,waiter,+919876543212,2026-01-02 10:16:00,2026-01-02 15:56:00
10,Sarah Wilson,waiter,+919876543211,2026-01-02 09:20:00,2026-01-02 12:52:00
11,Anna Petrov,chef,+919123456793,2026-01-02 14:11:00,2026-01-02 17:00:00
12,Maria Garcia,chef,+919123456791,2026-01-02 09:00:00,2026-01-02 12:26:00
13,Sophie Martin,cleaner,+919555666780,2026-01-02 12:35:00,2026-01-02 16:33:00
14,Robert Taylor,cleaner,+919555666777,2026-01-02 09:20:00,2026-01-02 11:37:00
15,Alex Chen,waiter,+919876543214,2026-01-03 14:18:00,2026-01-03 17:00:00
16,Sarah Wilson,waiter,+919876543211,2026-01-03 09:01:00,2026-01-03 12:16:00
17,Carlos Rodriguez,chef,+919123456790,2026-01-03 13:52:00,2026-01-03 16:33:00
18,David Kim,chef,+919123456792,2026-01-03 14:22:00,2026-01-03 16:55:00
19,Maria Garcia,chef,+919123456791,2026-01-03 09:13:00,2026-01-03 17:00:00
20,Jennifer Lee,cleaner,+919555666778,2026-01-03 09:00:00,2026-01-03 12:09:00
21,Robert Taylor,cleaner,+919555666777,2026-01-03 14:30:00,2026-01-03 17:00:00
22,Michael Brown,cleaner,+919555666779,2026-01-03 09:20:00,2026-01-03 13:18:00
23,Sarah Wilson,waiter,+919876543211,2026-01-04 09:28:00,2026-01-04 13:18:00
24,Lisa Brown,waiter,+919876543215,2026-01-04 13:16:00,2026-01-04 17:00:00
25,Anna Petrov,chef,+919123456793,2026-01-04 11:09:00,2026-01-04 15:16:00
26,David Kim,chef,+919123456792,2026-01-04 09:00:00,2026-01-04 17:00:00
27,Maria Garcia,chef,+919123456791,2026-01-04 09:30:00,2026-01-04 12:16:00
28,Robert Taylor,cleaner,+919555666777,2026-01-04 14:20:00,2026-01-04 17:00:00
29,Sophie Martin,cleaner,+919555666780,2026-01-04 13:05:00,2026-01-04 16:32:00
30,Mike Johnson,waiter,+919876543212,2026-01-05 10:07:00,2026-01-05 15:54:00
31,Lisa Brown,waiter,+919876543215,2026-01-05 13:41:00,2026-01-05 16:45:00
32,Sarah Wilson,waiter,+919876543211,2026-01-05 09:18:00,2026-01-05 12:31:00
33,John Doe,waiter,+919876543210,2026-01-05 13:31:00,2026-01-05 16:48:00
34,Maria Garcia,chef,+919123456791,2026-01-05 09:00:00,2026-01-05 11:46:00
35,Anna Petrov,chef,+919123456793,2026-01-05 09:35:00,2026-01-05 15:43:00
36,Jennifer Lee,cleaner,+919555666778,2026-01-05 09:00:00,2026-01-05 16:49:00
37,Sophie Martin,cleaner,+919555666780,2026-01-05 13:09:00,2026-01-05 16:55:00
38,Alex Chen,waiter,+919876543214,2026-01-06 09:00:00,2026-01-06 16:42:00
39,Emily Davis,waiter,+919876543213,2026-01-06 09:01:00,2026-01-06 12:35:00
40,Sarah Wilson,waiter,+919876543211,2026-01-06 09:00:00,2026-01-06 11:45:00
41,Anna Petrov,chef,+919123456793,2026-01-06 14:11:00,2026-01-06 17:00:00
42,David Kim,chef,+919123456792,2026-01-06 10:30:00,2026-01-06 14:35:00
43,Michael Brown,cleaner,+919555666779,2026-01-06 09:18:00,2026-01-06 12:46:00
44,Jennifer Lee,cleaner,+919555666778,2026-01-06 09:18:00,2026-01-06 13:20:00
45,Sophie Martin,cleaner,+919555666780,2026-01-06 13:35:00,2026-01-06 17:00:00
46,John Doe,waiter,+919876543210,2026-01-07 09:00:00,2026-01-07 12:07:00
47,Sarah Wilson,waiter,+919876543211,2026-01-07 12:31:00,2026-01-07 17:00:00
48,Mike Johnson,waiter,+919876543212,2026-01-07 09:26:00,2026-01-07 12:48:00
49,Emily Davis,waiter,+919876543213,2026-01-07 09:00:00,2026-01-07 17:00:00
50,Maria Garcia,chef,+919123456791,2026-01-07 11:13:00,2026-01-07 14:39:00
51,Jane Smith,chef,+919123456789,2026-01-07 11:03:00,2026-01-07 15:13:00
52,Carlos Rodriguez,chef,+919123456790,2026-01-07 09:58:00,2026-01-07 16:30:00
53,Robert Taylor,cleaner,+919555666777,2026-01-07 09:00:00,2026-01-07 11:58:00
54,James Wilson,cleaner,+919555666781,2026-01-07 09:20:00,2026-01-07 11:48:00
55,John Doe,waiter,+919876543210,2026-01-08 13:20:00,2026-01-08 17:00:00
56,Sarah Wilson,waiter,+919876543211,2026-01-08 09:00:00,2026-01-08 12:35:00
57,Maria Garcia,chef,+919123456791,2026-01-08 09:00:00,2026-01-08 12:18:00
58,Anna Petrov,chef,+919123456793,2026-01-08 09:00:00,2026-01-08 12:26:00
59,Robert Taylor,cleaner,+919555666777,2026-01-08 10:15:00,2026-01-08 16:06:00
60,Jennifer Lee,cleaner,+919555666778,2026-01-08 10:01:00,2026-01-08 16:08:00
61,Emily Davis,waiter,+919876543213,2026-01-09 09:16:00,2026-01-09 16:52:00
62,Lisa Brown,waiter,+919876543215,2026-01-09 09:11:00,2026-01-09 12:03:00
63,Alex Chen,waiter,+919876543214,2026-01-09 09:00:00,2026-01-09 17:00:00
64,John Doe,waiter,+919876543210,2026-01-09 09:00:00,2026-01-09 13:03:00
65,David Kim,chef,+919123456792,2026-01-09 09:00:00,2026-01-09 17:00:00
66,Anna Petrov,chef,+919123456793,2026-01-09 09:00:00,2026-01-09 12:26:00
67,James Wilson,cleaner,+919555666781,2026-01-09 13:33:00,2026-01-09 16:45:00
68,Jennifer Lee,cleaner,+919555666778,2026-01-09 09:13:00,2026-01-09 12:16:00
69,Alex Chen,waiter,+919876543214,2026-01-10 09:05:00,2026-01-10 13:09:00
70,Sarah Wilson,waiter,+919876543211,2026-01-10 10:28:00,2026-01-10 15:35:00
71,Lisa Brown,waiter,+919876543215,2026-01-10 14:07:00,2026-01-10 16:59:00
72,Anna Petrov,chef,+919123456793,2026-01-10 13:20:00,2026-01-10 17:00:00
73,David Kim,chef,+919123456792,2026-01-10 13:37:00,2026-01-10 16:45:00
74,Sophie Martin,cleaner,+919555666780,2026-01-10 11:13:00,2026-01-10 15:20:00
75,James Wilson,cleaner,+919555666781,2026-01-10 12:39:00,2026-01-10 17:00:00
76,Alex Chen,waiter,+919876543214,2026-01-11 09:00:00,2026-01-11 17:00:00
77,Emily Davis,waiter,+919876543213,2026-01-11 14:22:00,2026-01-11 17:00:00
78,Sarah Wilson,waiter,+919876543211,2026-01-11 09:00:00,2026-01-11 13:01:00
79,Lisa Brown,waiter,+919876543215,2026-01-11 10:13:00,2026-01-11 16:18:00
80,Carlos Rodriguez,chef,+919123456790,2026-01-11 14:24:00,2026-01-11 17:00:00
81,Anna Petrov,chef,+919123456793,2026-01-11 09:00:00,2026-01-11 16:32:00
82,James Wilson,cleaner,+919555666781,2026-01-11 10:22:00,2026-01-11 15:46:00
83,John Doe,waiter,+919876543210,2026-01-12 11:28:00,2026-01-12 14:54:00
84,Alex Chen,waiter,+919876543214,2026-01-12 10:39:00,2026-01-12 15:15:00
85,Sarah Wilson,waiter,+919876543211,2026-01-12 14:07:00,2026-01-12 17:00:00
86,Anna Petrov,chef,+919123456793,2026-01-12 09:28:00,2026-01-12 13:24:00
87,Carlos Rodriguez,chef,+919123456790,2026-01-12 09:00:00,2026-01-12 12:37:00
88,Michael Brown,cleaner,+919555666779,2026-01-12 09:20:00,2026-01-12 12:48:00
89,Alex Chen,waiter,+919876543214,2026-01-13 09:11:00,2026-01-13 16:42:00
90,Mike Johnson,waiter,+919876543212,2026-01-13 13:43:00,2026-01-13 17:00:00
91,John Doe,waiter,+919876543210,2026-01-13 09:00:00,2026-01-13 17:00:00
92,Carlos Rodriguez,chef,+919123456790,2026-01-13 09:30:00,2026-01-13 13:18:00
93,Maria Garcia,chef,+919123456791,2026-01-13 09:05:00,2026-01-13 17:00:00
94,Anna Petrov,chef,+919123456793,2026-01-13 11:20:00,2026-01-13 15:24:00
95,James Wilson,cleaner,+919555666781,2026-01-13 09:00:00,2026-01-13 12:05:00
96,Robert Taylor,cleaner,+919555666777,2026-01-13 12:31:00,2026-01-13 16:48:00
97,Sarah Wilson,waiter,+919876543211,2026-01-14 09:01:00,2026-01-14 13:22:00
98,John Doe,waiter,+919876543210,2026-01-14 09:00:00,2026-01-14 13:09:00
99,Mike Johnson,waiter,+919876543212,2026-01-14 10:18:00,2026-01-14 15:46:00
100,Carlos Rodriguez,chef,+919123456790,2026-01-14 10:33:00,2026-01-14 15:28:00
101,James Wilson,cleaner,+919555666781,2026-01-14 12:46:00,2026-01-14 16:33:00
102,Robert Taylor,cleaner,+919555666777,2026-01-14 13:41:00,2026-01-14 17:00:00
103,John Doe,waiter,+919876543210,2026-01-15 09:46:00,2026-01-15 16:26:00
104,Emily Davis,waiter,+919876543213,2026-01-15 09:15:00,2026-01-15 16:33:00
105,Mike Johnson,waiter,+919876543212,2026-01-15 14:11:00,2026-01-15 17:00:00
106,David Kim,chef,+919123456792,2026-01-15 09:00:00,2026-01-15 16:36:00
108,Sophie Martin,cleaner,+919555666780,2026-01-15 10:48:00,2026-01-15 14:45:00
109,Michael Brown,cleaner,+919555666779,2026-01-15 09:00:00,2026-01-15 17:00:00
110,James Wilson,cleaner,+919555666781,2026-01-15 14:18:00,2026-01-15 17:00:00
111,Emily Davis,waiter,+919876543213,2026-01-16 09:58:00,2026-01-16 16:04:00
112,Mike Johnson,waiter,+919876543212,2026-01-16 11:15:00,2026-01-16 14:58:00
113,John Doe,waiter,+919876543210,2026-01-16 09:00:00,2026-01-16 17:00:00
114,Sarah Wilson,waiter,+919876543211,2026-01-16 14:20:00,2026-01-16 16:34:00
115,Anna Petrov,chef,+919123456793,2026-01-16 09:00:00,2026-01-16 11:56:00
116,Carlos Rodriguez,chef,+919123456790,2026-01-16 09:00:00,2026-01-16 16:45:00
117,Robert Taylor,cleaner,+919555666777,2026-01-16 12:31:00,2026-01-16 17:00:00
118,Sophie Martin,cleaner,+919555666780,2026-01-16 10:16:00,2026-01-16 15:39:00
119,Jennifer Lee,cleaner,+919555666778,2026-01-16 10:43:00,2026-01-16 14:33:00
120,John Doe,waiter,+919876543210,2026-01-17 12:56:00,2026-01-17 17:00:00
121,Emily Davis,waiter,+919876543213,2026-01-17 14:16:00,2026-01-17 17:00:00
122,Alex Chen,waiter,+919876543214,2026-01-17 13:58:00,2026-01-17 17:00:00
123,Mike Johnson,waiter,+919876543212,2026-01-17 09:56:00,2026-01-17 16:23:00
124,Jane Smith,chef,+919123456789,2026-01-17 09:07:00,2026-01-17 17:00:00
125,Anna Petrov,chef,+919123456793,2026-01-17 10:35:00,2026-01-17 15:11:00
126,Sophie Martin,cleaner,+919555666780,2026-01-17 14:18:00,2026-01-17 16:52:00
127,Jennifer Lee,cleaner,+919555666778,2026-01-17 09:39:00,2026-01-17 15:52:00
128,Lisa Brown,waiter,+919876543215,2026-01-18 09:00:00,2026-01-18 16:59:00
129,Sarah Wilson,waiter,+919876543211,2026-01-18 09:07:00,2026-01-18 17:00:00
130,Anna Petrov,chef,+919123456793,2026-01-18 09:39:00,2026-01-18 16:00:00
131,Jane Smith,chef,+919123456789,2026-01-18 13:39:00,2026-01-18 16:30:00
132,Jennifer Lee,cleaner,+919555666778,2026-01-18 13:31:00,2026-01-18 16:37:00
133,Lisa Brown,waiter,+919876543215,2026-01-19 09:03:00,2026-01-19 17:00:00
134,Mike Johnson,waiter,+919876543212,2026-01-19 09:18:00,2026-01-19 11:56:00
135,Alex Chen,waiter,+919876543214,2026-01-19 09:18:00,2026-01-19 17:00:00
136,Carlos Rodriguez,chef,+919123456790,2026-01-19 13:01:00,2026-01-19 17:00:00
137,David Kim,chef,+919123456792,2026-01-19 14:01:00,2026-01-19 16:36:00
138,Robert Taylor,cleaner,+919555666777,2026-01-19 09:24:00,2026-01-19 16:52:00
139,Michael Brown,cleaner,+919555666779,2026-01-19 14:03:00,2026-01-19 16:51:00
140,Emily Davis,waiter,+919876543213,2026-01-20 13:54:00,2026-01-20 16:45:00
141,Alex Chen,waiter,+919876543214,2026-01-20 09:03:00,2026-01-20 16:49:00
142,John Doe,waiter,+919876543210,2026-01-20 11:26:00,2026-01-20 15:05:00
143,Mike Johnson,waiter,+919876543212,2026-01-20 10:11:00,2026-01-20 15:31:00
144,Maria Garcia,chef,+919123456791,2026-01-20 12:50:00,2026-01-20 16:33:00
145,Carlos Rodriguez,chef,+919123456790,2026-01-20 09:28:00,2026-01-20 13:09:00
146,Michael Brown,cleaner,+919555666779,2026-01-20 10:22:00,2026-01-20 15:54:00
147,Sophie Martin,cleaner,+919555666780,2026-01-20 13:56:00,2026-01-20 17:00:00
148,Emily Davis,waiter,+919876543213,2026-01-21 14:01:00,2026-01-21 16:52:00
149,Lisa Brown,waiter,+919876543215,2026-01-21 10:03:00,2026-01-21 16:21:00
150,Alex Chen,waiter,+919876543214,2026-01-21 09:00:00,2026-01-21 13:24:00
151,Jane Smith,chef,+919123456789,2026-01-21 09:58:00,2026-01-21 16:03:00
152,David Kim,chef,+919123456792,2026-01-21 11:20:00,2026-01-21 15:13:00
153,James Wilson,cleaner,+919555666781,2026-01-21 09:20:00,2026-01-21 16:45:00
154,Michael Brown,cleaner,+919555666779,2026-01-21 11:28:00,2026-01-21 14:35:00
155,John Doe,waiter,+919876543210,2026-01-22 13:13:00,2026-01-22 16:30:00
156,Emily Davis,waiter,+919876543213,2026-01-22 10:50:00,2026-01-22 14:46:00
157,Lisa Brown,waiter,+919876543215,2026-01-22 10:48:00,2026-01-22 14:45:00
158,Anna Petrov,chef,+919123456793,2026-01-22 09:11:00,2026-01-22 16:51:00
161,Jennifer Lee,cleaner,+919555666778,2026-01-22 09:58:00,2026-01-22 16:22:00
162,Robert Taylor,cleaner,+919555666777,2026-01-22 09:00:00,2026-01-22 16:47:00
163,Sarah Wilson,waiter,+919876543211,2026-01-23 09:00:00,2026-01-23 12:54:00
164,Mike Johnson,waiter,+919876543212,2026-01-23 14:16:00,2026-01-23 17:00:00
165,John Doe,waiter,+919876543210,2026-01-23 10:00:00,2026-01-23 15:48:00
166,Lisa Brown,waiter,+919876543215,2026-01-23 11:09:00,2026-01-23 15:07:00
167,Maria Garcia,chef,+919123456791,2026-01-23 13:03:00,2026-01-23 17:00:00
168,Jennifer Lee,cleaner,+919555666778,2026-01-23 13:52:00,2026-01-23 17:00:00
169,Mike Johnson,waiter,+919876543212,2026-01-24 10:52:00,2026-01-24 14:30:00
170,Lisa Brown,waiter,+919876543215,2026-01-24 13:39:00,2026-01-24 16:45:00
171,Emily Davis,waiter,+919876543213,2026-01-24 09:00:00,2026-01-24 12:54:00
172,Maria Garcia,chef,+919123456791,2026-01-24 12:31:00,2026-01-24 17:00:00
173,Michael Brown,cleaner,+919555666779,2026-01-24 09:00:00,2026-01-24 16:40:00
174,Sophie Martin,cleaner,+919555666780,2026-01-24 11:28:00,2026-01-24 14:41:00
175,John Doe,waiter,+919876543210,2026-01-25 10:24:00,2026-01-25 15:37:00
176,Emily Davis,waiter,+919876543213,2026-01-25 10:41:00,2026-01-25 15:01:00
177,Jane Smith,chef,+919123456789,2026-01-25 14:05:00,2026-01-25 16:56:00
178,David Kim,chef,+919123456792,2026-01-25 09:00:00,2026-01-25 17:00:00
179,James Wilson,cleaner,+919555666781,2026-01-25 09:41:00,2026-01-25 16:26:00
180,Robert Taylor,cleaner,+919555666777,2026-01-25 10:22:00,2026-01-25 15:58:00
181,Sophie Martin,cleaner,+919555666780,2026-01-25 09:50:00,2026-01-25 16:07:00
182,Alex Chen,waiter,+919876543214,2026-01-26 10:50:00,2026-01-26 15:03:00
183,Sarah Wilson,waiter,+919876543211,2026-01-26 12:43:00,2026-01-26 16:30:00
184,Jane Smith,chef,+919123456789,2026-01-26 09:16:00,2026-01-26 12:13:00
185,David Kim,chef,+919123456792,2026-01-26 11:28:00,2026-01-26 14:54:00
186,Robert Taylor,cleaner,+919555666777,2026-01-26 09:00:00,2026-01-26 12:58:00
187,Jennifer Lee,cleaner,+919555666778,2026-01-26 12:41:00,2026-01-26 16:41:00
188,Sophie Martin,cleaner,+919555666780,2026-01-26 09:00:00,2026-01-26 17:00:00
189,Alex Chen,waiter,+919876543214,2026-01-27 14:18:00,2026-01-27 16:42:00
190,Emily Davis,waiter,+919876543213,2026-01-27 09:00:00,2026-01-27 13:16:00
191,Lisa Brown,waiter,+919876543215,2026-01-27 10:22:00,2026-01-27 16:18:00
192,Mike Johnson,waiter,+919876543212,2026-01-27 13:28:00,2026-01-27 17:00:00
193,Jane Smith,chef,+919123456789,2026-01-27 12:39:00,2026-01-27 16:37:00
194,Carlos Rodriguez,chef,+919123456790,2026-01-27 09:00:00,2026-01-27 13:16:00
195,Michael Brown,cleaner,+919555666779,2026-01-27 09:00:00,2026-01-27 17:00:00
196,Robert Taylor,cleaner,+919555666777,2026-01-27 11:09:00,2026-01-27 14:58:00
197,Alex Chen,waiter,+919876543214,2026-01-28 09:00:00,2026-01-28 12:22:00
198,Emily Davis,waiter,+919876543213,2026-01-28 12:52:00,2026-01-28 17:00:00
199,John Doe,waiter,+919876543210,2026-01-28 09:00:00,2026-01-28 11:56:00
200,Mike Johnson,waiter,+919876543212,2026-01-28 14:05:00,2026-01-28 17:00:00
201,Jane Smith,chef,+919123456789,2026-01-28 14:07:00,2026-01-28 16:51:00
202,James Wilson,cleaner,+919555666781,2026-01-28 09:30:00,2026-01-28 15:56:00
203,Lisa Brown,waiter,+919876543215,2026-01-29 09:00:00,2026-01-29 17:00:00
204,John Doe,waiter,+919876543210,2026-01-29 09:00:00,2026-01-29 12:05:00
205,Sarah Wilson,waiter,+919876543211,2026-01-29 12:52:00,2026-01-29 16:45:00
206,Jane Smith,chef,+919123456789,2026-01-29 12:43:00,2026-01-29 17:00:00
207,David Kim,chef,+919123456792,2026-01-29 13:09:00,2026-01-29 17:00:00
208,James Wilson,cleaner,+919555666781,2026-01-29 10:13:00,2026-01-29 16:26:00
209,Sarah Wilson,waiter,+919876543211,2026-01-30 11:03:00,2026-01-30 15:20:00
210,Emily Davis,waiter,+919876543213,2026-01-30 09:16:00,2026-01-30 12:03:00
211,John Doe,waiter,+919876543210,2026-01-30 09:00:00,2026-01-30 16:41:00
212,Jane Smith,chef,+919123456789,2026-01-30 13:26:00,2026-01-30 16:56:00
213,Maria Garcia,chef,+919123456791,2026-01-30 10:09:00,2026-01-30 15:30:00
214,Jennifer Lee,cleaner,+919555666778,2026-01-30 09:20:00,2026-01-30 16:38:00
215,John Doe,waiter,+919876543210,2026-01-31 14:30:00,2026-01-31 16:36:00
216,Lisa Brown,waiter,+919876543215,2026-01-31 10:16:00,2026-01-31 16:03:00
217,Mike Johnson,waiter,+919876543212,2026-01-31 10:07:00,2026-01-31 15:37:00
218,Carlos Rodriguez,chef,+919123456790,2026-01-31 13:18:00,2026-01-31 17:00:00
219,Jane Smith,chef,+919123456789,2026-01-31 09:31:00,2026-01-31 15:39:00
220,Michael Brown,cleaner,+919555666779,2026-01-31 14:07:00,2026-01-31 17:00:00
221,James Wilson,cleaner,+919555666781,2026-01-31 09:03:00,2026-01-31 11:35:00
222,Sarah Wilson,waiter,+919876543211,2026-02-01 12:50:00,2026-02-01 17:00:00
223,Emily Davis,waiter,+919876543213,2026-02-01 09:20:00,2026-02-01 13:22:00
224,Alex Chen,waiter,+919876543214,2026-02-01 13:33:00,2026-02-01 17:00:00
225,John Doe,waiter,+919876543210,2026-02-01 09:00:00,2026-02-01 17:00:00
226,David Kim,chef,+919123456792,2026-02-01 09:00:00,2026-02-01 12:28:00
227,Maria Garcia,chef,+919123456791,2026-02-01 09:11:00,2026-02-01 12:35:00
228,Sophie Martin,cleaner,+919555666780,2026-02-01 09:01:00,2026-02-01 11:48:00
229,Mike Johnson,waiter,+919876543212,2026-02-02 09:09:00,2026-02-02 11:52:00
230,Emily Davis,waiter,+919876543213,2026-02-02 09:22:00,2026-02-02 16:40:00
231,John Doe,waiter,+919876543210,2026-02-02 14:03:00,2026-02-02 17:00:00
232,Carlos Rodriguez,chef,+919123456790,2026-02-02 14:22:00,2026-02-02 16:49:00
233,Jennifer Lee,cleaner,+919555666778,2026-02-02 09:00:00,2026-02-02 11:45:00
234,Robert Taylor,cleaner,+919555666777,2026-02-02 11:07:00,2026-02-02 15:07:00
235,James Wilson,cleaner,+919555666781,2026-02-02 10:46:00,2026-02-02 14:43:00
236,Lisa Brown,waiter,+919876543215,2026-02-03 11:24:00,2026-02-03 15:30:00
237,Alex Chen,waiter,+919876543214,2026-02-03 10:01:00,2026-02-03 16:11:00
238,David Kim,chef,+919123456792,2026-02-03 13:18:00,2026-02-03 17:00:00
239,Jane Smith,chef,+919123456789,2026-02-03 11:24:00,2026-02-03 15:03:00
240,Maria Garcia,chef,+919123456791,2026-02-03 09:18:00,2026-02-03 11:46:00
241,Robert Taylor,cleaner,+919555666777,2026-02-03 10:16:00,2026-02-03 15:33:00
242,James Wilson,cleaner,+919555666781,2026-02-03 09:00:00,2026-02-03 11:58:00
243,Mike Johnson,waiter,+919876543212,2026-02-04 13:05:00,2026-02-04 16:45:00
244,Emily Davis,waiter,+919876543213,2026-02-04 09:24:00,2026-02-04 13:09:00
245,Carlos Rodriguez,chef,+919123456790,2026-02-04 14:01:00,2026-02-04 16:55:00
246,Jane Smith,chef,+919123456789,2026-02-04 09:16:00,2026-02-04 11:58:00
247,James Wilson,cleaner,+919555666781,2026-02-04 11:00:00,2026-02-04 15:28:00
248,Robert Taylor,cleaner,+919555666777,2026-02-04 13:22:00,2026-02-04 16:56:00
249,Alex Chen,waiter,+919876543214,2026-02-05 13:35:00,2026-02-05 16:52:00
250,Mike Johnson,waiter,+919876543212,2026-02-05 09:03:00,2026-02-05 13:24:00
251,John Doe,waiter,+919876543210,2026-02-05 13:33:00,2026-02-05 17:00:00
252,David Kim,chef,+919123456792,2026-02-05 10:56:00,2026-02-05 15:22:00
254,Sophie Martin,cleaner,+919555666780,2026-02-05 11:00:00,2026-02-05 14:43:00
255,Jennifer Lee,cleaner,+919555666778,2026-02-05 13:01:00,2026-02-05 17:00:00
256,John Doe,waiter,+919876543210,2026-02-06 09:00:00,2026-02-06 12:58:00
257,Mike Johnson,waiter,+919876543212,2026-02-06 12:39:00,2026-02-06 16:52:00
258,Alex Chen,waiter,+919876543214,2026-02-06 09:00:00,2026-02-06 16:55:00
259,Emily Davis,waiter,+919876543213,2026-02-06 10:18:00,2026-02-06 15:46:00
260,Jane Smith,chef,+919123456789,2026-02-06 13:30:00,2026-02-06 17:00:00
261,Anna Petrov,chef,+919123456793,2026-02-06 10:52:00,2026-02-06 15:22:00
262,James Wilson,cleaner,+919555666781,2026-02-06 09:07:00,2026-02-06 12:00:00
263,Jennifer Lee,cleaner,+919555666778,2026-02-06 09:20:00,2026-02-06 13:13:00
264,Lisa Brown,waiter,+919876543215,2026-02-07 09:00:00,2026-02-07 12:43:00
265,Mike Johnson,waiter,+919876543212,2026-02-07 12:52:00,2026-02-07 16:57:00
266,John Doe,waiter,+919876543210,2026-02-07 09:35:00,2026-02-07 16:26:00
267,David Kim,chef,+919123456792,2026-02-07 10:31:00,2026-02-07 14:31:00
268,Robert Taylor,cleaner,+919555666777,2026-02-07 13:58:00,2026-02-07 17:00:00
269,Lisa Brown,waiter,+919876543215,2026-02-08 11:05:00,2026-02-08 15:03:00
270,John Doe,waiter,+919876543210,2026-02-08 09:00:00,2026-02-08 12:39:00
271,Emily Davis,waiter,+919876543213,2026-02-08 12:48:00,2026-02-08 17:00:00
272,Alex Chen,waiter,+919876543214,2026-02-08 14:07:00,2026-02-08 16:59:00
273,Jane Smith,chef,+919123456789,2026-02-08 09:24:00,2026-02-08 12:22:00
274,Maria Garcia,chef,+919123456791,2026-02-08 12:45:00,2026-02-08 16:32:00
275,James Wilson,cleaner,+919555666781,2026-02-08 09:46:00,2026-02-08 15:43:00
276,Robert Taylor,cleaner,+919555666777,2026-02-08 09:22:00,2026-02-08 12:56:00
277,Alex Chen,waiter,+919876543214,2026-02-09 09:00:00,2026-02-09 17:00:00
278,Mike Johnson,waiter,+919876543212,2026-02-09 13:58:00,2026-02-09 16:32:00
279,Sarah Wilson,waiter,+919876543211,2026-02-09 10:28:00,2026-02-09 16:27:00
280,Emily Davis,waiter,+919876543213,2026-02-09 09:00:00,2026-02-09 12:09:00
281,Carlos Rodriguez,chef,+919123456790,2026-02-09 14:03:00,2026-02-09 17:00:00
282,Jane Smith,chef,+919123456789,2026-02-09 10:00:00,2026-02-09 15:43:00
283,Sophie Martin,cleaner,+919555666780,2026-02-09 09:03:00,2026-02-09 13:20:00
284,Michael Brown,cleaner,+919555666779,2026-02-09 09:16:00,2026-02-09 16:47:00
285,Alex Chen,waiter,+919876543214,2026-02-10 10:07:00,2026-02-10 15:37:00
286,Emily Davis,waiter,+919876543213,2026-02-10 10:52:00,2026-02-10 15:16:00
287,Lisa Brown,waiter,+919876543215,2026-02-10 14:07:00,2026-02-10 17:00:00
288,Maria Garcia,chef,+919123456791,2026-02-10 13:13:00,2026-02-10 16:48:00
289,Jane Smith,chef,+919123456789,2026-02-10 10:03:00,2026-02-10 16:22:00
290,Jennifer Lee,cleaner,+919555666778,2026-02-10 14:30:00,2026-02-10 17:00:00
291,James Wilson,cleaner,+919555666781,2026-02-10 10:31:00,2026-02-10 15:05:00
292,Emily Davis,waiter,+919876543213,2026-02-11 09:00:00,2026-02-11 16:52:00
293,Lisa Brown,waiter,+919876543215,2026-02-11 09:00:00,2026-02-11 17:00:00
294,Maria Garcia,chef,+919123456791,2026-02-11 09:22:00,2026-02-11 11:37:00
295,Jane Smith,chef,+919123456789,2026-02-11 09:00:00,2026-02-11 13:16:00
296,Anna Petrov,chef,+919123456793,2026-02-11 09:00:00,2026-02-11 11:37:00
297,Robert Taylor,cleaner,+919555666777,2026-02-11 11:22:00,2026-02-11 14:43:00
298,Jennifer Lee,cleaner,+919555666778,2026-02-11 09:22:00,2026-02-11 11:41:00
299,Emily Davis,waiter,+919876543213,2026-02-12 10:11:00,2026-02-12 15:52:00
303,Anna Petrov,chef,+919123456793,2026-02-12 10:54:00,2026-02-12 15:28:00
304,Maria Garcia,chef,+919123456791,2026-02-12 12:43:00,2026-02-12 16:30:00
305,James Wilson,cleaner,+919555666781,2026-02-12 09:18:00,2026-02-12 17:00:00
306,Jennifer Lee,cleaner,+919555666778,2026-02-12 09:00:00,2026-02-12 12:45:00
307,Sarah Wilson,waiter,+919876543211,2026-02-13 09:30:00,2026-02-13 12:03:00
308,Alex Chen,waiter,+919876543214,2026-02-13 13:54:00,2026-02-13 16:30:00
309,Mike Johnson,waiter,+919876543212,2026-02-13 09:20:00,2026-02-13 17:00:00
310,David Kim,chef,+919123456792,2026-02-13 09:13:00,2026-02-13 11:43:00
311,Jane Smith,chef,+919123456789,2026-02-13 09:11:00,2026-02-13 11:37:00
312,Sophie Martin,cleaner,+919555666780,2026-02-13 14:05:00,2026-02-13 17:00:00
313,Robert Taylor,cleaner,+919555666777,2026-02-13 09:07:00,2026-02-13 16:55:00
314,John Doe,waiter,+919876543210,2026-02-14 12:56:00,2026-02-14 17:00:00
315,Sarah Wilson,waiter,+919876543211,2026-02-14 09:31:00,2026-02-14 15:56:00
316,Emily Davis,waiter,+919876543213,2026-02-14 09:03:00,2026-02-14 13:22:00
317,Mike Johnson,waiter,+919876543212,2026-02-14 14:16:00,2026-02-14 16:41:00
318,David Kim,chef,+919123456792,2026-02-14 10:01:00,2026-02-14 16:22:00
319,Jennifer Lee,cleaner,+919555666778,2026-02-14 09:00:00,2026-02-14 13:03:00
320,Robert Taylor,cleaner,+919555666777,2026-02-14 09:22:00,2026-02-14 17:00:00
321,Emily Davis,waiter,+919876543213,2026-02-15 14:13:00,2026-02-15 16:49:00
322,Lisa Brown,waiter,+919876543215,2026-02-15 09:15:00,2026-02-15 13:18:00
323,Sarah Wilson,waiter,+919876543211,2026-02-15 09:18:00,2026-02-15 13:09:00
324,John Doe,waiter,+919876543210,2026-02-15 11:18:00,2026-02-15 14:58:00
325,Maria Garcia,chef,+919123456791,2026-02-15 09:07:00,2026-02-15 17:00:00
326,David Kim,chef,+919123456792,2026-02-15 09:00:00,2026-02-15 11:58:00
327,Anna Petrov,chef,+919123456793,2026-02-15 09:00:00,2026-02-15 16:56:00
328,Robert Taylor,cleaner,+919555666777,2026-02-15 09:00:00,2026-02-15 17:00:00
329,Mike Johnson,waiter,+919876543212,2026-02-16 09:00:00,2026-02-16 11:41:00
330,Sarah Wilson,waiter,+919876543211,2026-02-16 10:35:00,2026-02-16 14:58:00
331,John Doe,waiter,+919876543210,2026-02-16 10:03:00,2026-02-16 15:43:00
332,Carlos Rodriguez,chef,+919123456790,2026-02-16 13:01:00,2026-02-16 17:00:00
333,Jane Smith,chef,+919123456789,2026-02-16 10:41:00,2026-02-16 14:50:00
334,Michael Brown,cleaner,+919555666779,2026-02-16 12:48:00,2026-02-16 17:00:00
335,Robert Taylor,cleaner,+919555666777,2026-02-16 13:45:00,2026-02-16 17:00:00
336,Sarah Wilson,waiter,+919876543211,2026-02-17 09:48:00,2026-02-17 15:31:00
337,Lisa Brown,waiter,+919876543215,2026-02-17 10:09:00,2026-02-17 16:04:00
338,Alex Chen,waiter,+919876543214,2026-02-17 13:35:00,2026-02-17 17:00:00
339,Maria Garcia,chef,+919123456791,2026-02-17 09:00:00,2026-02-17 16:52:00
340,Anna Petrov,chef,+919123456793,2026-02-17 09:22:00,2026-02-17 12:54:00
341,Michael Brown,cleaner,+919555666779,2026-02-17 13:58:00,2026-02-17 17:00:00
342,Jennifer Lee,cleaner,+919555666778,2026-02-17 09:28:00,2026-02-17 12:58:00
343,Lisa Brown,waiter,+919876543215,2026-02-18 13:05:00,2026-02-18 17:00:00
344,Alex Chen,waiter,+919876543214,2026-02-18 09:31:00,2026-02-18 16:03:00
345,John Doe,waiter,+919876543210,2026-02-18 11:22:00,2026-02-18 15:30:00
346,David Kim,chef,+919123456792,2026-02-18 12:56:00,2026-02-18 16:51:00
348,Michael Brown,cleaner,+919555666779,2026-02-18 09:50:00,2026-02-18 16:30:00
349,James Wilson,cleaner,+919555666781,2026-02-18 10:11:00,2026-02-18 15:48:00
350,Alex Chen,waiter,+919876543214,2026-02-19 09:00:00,2026-02-19 12:56:00
351,Lisa Brown,waiter,+919876543215,2026-02-19 09:05:00,2026-02-19 11:41:00
352,Sarah Wilson,waiter,+919876543211,2026-02-19 09:56:00,2026-02-19 15:48:00
353,Emily Davis,waiter,+919876543213,2026-02-19 09:00:00,2026-02-19 13:15:00
354,Jane Smith,chef,+919123456789,2026-02-19 14:26:00,2026-02-19 17:00:00
355,James Wilson,cleaner,+919555666781,2026-02-19 09:11:00,2026-02-19 16:44:00
356,Lisa Brown,waiter,+919876543215,2026-02-20 09:00:00,2026-02-20 16:56:00
357,Emily Davis,waiter,+919876543213,2026-02-20 13:01:00,2026-02-20 16:44:00
358,Sarah Wilson,waiter,+919876543211,2026-02-20 10:05:00,2026-02-20 15:39:00
359,Mike Johnson,waiter,+919876543212,2026-02-20 09:00:00,2026-02-20 11:35:00
360,Jane Smith,chef,+919123456789,2026-02-20 10:41:00,2026-02-20 14:54:00
361,Anna Petrov,chef,+919123456793,2026-02-20 09:00:00,2026-02-20 17:00:00
362,Michael Brown,cleaner,+919555666779,2026-02-20 10:43:00,2026-02-20 15:05:00
363,Alex Chen,waiter,+919876543214,2026-02-21 10:33:00,2026-02-21 14:52:00
364,Emily Davis,waiter,+919876543213,2026-02-21 09:00:00,2026-02-21 13:07:00
365,David Kim,chef,+919123456792,2026-02-21 09:46:00,2026-02-21 16:18:00
366,Anna Petrov,chef,+919123456793,2026-02-21 09:00:00,2026-02-21 16:47:00
367,Maria Garcia,chef,+919123456791,2026-02-21 12:46:00,2026-02-21 17:00:00
368,Robert Taylor,cleaner,+919555666777,2026-02-21 11:07:00,2026-02-21 15:20:00
369,Jennifer Lee,cleaner,+919555666778,2026-02-21 11:01:00,2026-02-21 14:33:00
370,John Doe,waiter,+919876543210,2026-02-22 14:24:00,2026-02-22 16:56:00
371,Mike Johnson,waiter,+919876543212,2026-02-22 09:07:00,2026-02-22 11:43:00
372,Sarah Wilson,waiter,+919876543211,2026-02-22 09:26:00,2026-02-22 17:00:00
373,Jane Smith,chef,+919123456789,2026-02-22 12:52:00,2026-02-22 16:55:00
374,Robert Taylor,cleaner,+919555666777,2026-02-22 10:48:00,2026-02-22 14:50:00
375,Sophie Martin,cleaner,+919555666780,2026-02-22 10:03:00,2026-02-22 16:26:00
376,Alex Chen,waiter,+919876543214,2026-02-23 09:00:00,2026-02-23 17:00:00
377,Mike Johnson,waiter,+919876543212,2026-02-23 09:28:00,2026-02-23 12:11:00
378,John Doe,waiter,+919876543210,2026-02-23 10:39:00,2026-02-23 14:39:00
379,Jane Smith,chef,+919123456789,2026-02-23 13:07:00,2026-02-23 16:53:00
380,Maria Garcia,chef,+919123456791,2026-02-23 13:26:00,2026-02-23 17:00:00
381,Jennifer Lee,cleaner,+919555666778,2026-02-23 09:00:00,2026-02-23 17:00:00
382,James Wilson,cleaner,+919555666781,2026-02-23 10:48:00,2026-02-23 15:11:00
383,Alex Chen,waiter,+919876543214,2026-02-24 13:05:00,2026-02-24 16:45:00
384,Sarah Wilson,waiter,+919876543211,2026-02-24 12:46:00,2026-02-24 16:57:00
385,Mike Johnson,waiter,+919876543212,2026-02-24 12:33:00,2026-02-24 17:00:00
386,Lisa Brown,waiter,+919876543215,2026-02-24 10:05:00,2026-02-24 16:11:00
387,Carlos Rodriguez,chef,+919123456790,2026-02-24 09:28:00,2026-02-24 12:56:00
388,Anna Petrov,chef,+919123456793,2026-02-24 09:00:00,2026-02-24 11:35:00
389,Michael Brown,cleaner,+919555666779,2026-02-24 09:26:00,2026-02-24 11:41:00
390,Jennifer Lee,cleaner,+919555666778,2026-02-24 09:41:00,2026-02-24 15:54:00
391,Mike Johnson,waiter,+919876543212,2026-02-25 14:03:00,2026-02-25 16:57:00
392,Emily Davis,waiter,+919876543213,2026-02-25 14:03:00,2026-02-25 16:41:00
393,Alex Chen,waiter,+919876543214,2026-02-25 12:48:00,2026-02-25 16:56:00
394,Jane Smith,chef,+919123456789,2026-02-25 09:01:00,2026-02-25 16:38:00
395,Sophie Martin,cleaner,+919555666780,2026-02-25 09:00:00,2026-02-25 12:37:00
396,Jennifer Lee,cleaner,+919555666778,2026-02-25 09:00:00,2026-02-25 12:03:00
397,John Doe,waiter,+919876543210,2026-02-26 09:00:00,2026-02-26 11:58:00
398,Mike Johnson,waiter,+919876543212,2026-02-26 14:16:00,2026-02-26 16:47:00
399,Emily Davis,waiter,+919876543213,2026-02-26 09:22:00,2026-02-26 11:46:00
400,Anna Petrov,chef,+919123456793,2026-02-26 09:00:00,2026-02-26 12:50:00
401,Jane Smith,chef,+919123456789,2026-02-26 13:22:00,2026-02-26 17:00:00
402,David Kim,chef,+919123456792,2026-02-26 09:00:00,2026-02-26 12:41:00
403,Jennifer Lee,cleaner,+919555666778,2026-02-26 11:05:00,2026-02-26 14:33:00
404,Michael Brown,cleaner,+919555666779,2026-02-26 09:07:00,2026-02-26 12:33:00
405,Lisa Brown,waiter,+919876543215,2026-02-27 13:01:00,2026-02-27 16:30:00
406,Mike Johnson,waiter,+919876543212,2026-02-27 10:52:00,2026-02-27 14:48:00
407,Alex Chen,waiter,+919876543214,2026-02-27 09:00:00,2026-02-27 13:30:00
408,Emily Davis,waiter,+919876543213,2026-02-27 09:58:00,2026-02-27 16:02:00
409,David Kim,chef,+919123456792,2026-02-27 09:00:00,2026-02-27 17:00:00
410,Anna Petrov,chef,+919123456793,2026-02-27 09:52:00,2026-02-27 16:18:00
411,Robert Taylor,cleaner,+919555666777,2026-02-27 09:00:00,2026-02-27 13:16:00
412,Michael Brown,cleaner,+919555666779,2026-02-27 09:00:00,2026-02-27 17:00:00
413,Emily Davis,waiter,+919876543213,2026-02-28 10:11:00,2026-02-28 16:18:00
414,Alex Chen,waiter,+919876543214,2026-02-28 09:20:00,2026-02-28 12:37:00
415,Mike Johnson,waiter,+919876543212,2026-02-28 09:05:00,2026-02-28 17:00:00
416,David Kim,chef,+919123456792,2026-02-28 09:15:00,2026-02-28 17:00:00
417,Anna Petrov,chef,+919123456793,2026-02-28 09:22:00,2026-02-28 12:43:00
418,Robert Taylor,cleaner,+919555666777,2026-02-28 09:00:00,2026-02-28 11:35:00
419,Sophie Martin,cleaner,+919555666780,2026-02-28 09:00:00,2026-02-28 17:00:00
